float_id,time,depth_dbar,temperature_C,salinity_psu
b'1902453 ',2025-09-22 02:10:55.000228864,2.4,29.237,35.088
b'1902453 ',2025-09-22 02:10:55.000228864,4.0,29.236,35.088
b'1902453 ',2025-09-22 02:10:55.000228864,5.9,29.232,35.09
b'1902453 ',2025-09-22 02:10:55.000228864,7.9,29.197,35.105
b'1902453 ',2025-09-22 02:10:55.000228864,10.0,29.118,35.13
b'1902453 ',2025-09-22 02:10:55.000228864,12.0,29.014,35.137
b'1902453 ',2025-09-22 02:10:55.000228864,14.0,28.94,35.131
b'1902453 ',2025-09-22 02:10:55.000228864,16.0,28.902,35.133
b'1902453 ',2025-09-22 02:10:55.000228864,18.0,28.851,35.126
b'1902453 ',2025-09-22 02:10:55.000228864,20.0,28.813,35.121
b'1902453 ',2025-09-22 02:10:55.000228864,22.0,28.8,35.125
b'1902453 ',2025-09-22 02:10:55.000228864,24.0,28.772,35.128
b'1902453 ',2025-09-22 02:10:55.000228864,26.0,28.754,35.138
b'1902453 ',2025-09-22 02:10:55.000228864,28.0,28.719,35.152
b'1902453 ',2025-09-22 02:10:55.000228864,30.0,28.684,35.157
b'1902453 ',2025-09-22 02:10:55.000228864,32.0,28.625,35.163
b'1902453 ',2025-09-22 02:10:55.000228864,34.1,28.564,35.17
b'1902453 ',2025-09-22 02:10:55.000228864,36.0,28.511,35.175
b'1902453 ',2025-09-22 02:10:55.000228864,37.9,28.43,35.176
b'1902453 ',2025-09-22 02:10:55.000228864,40.3,28.217,35.18
b'1902453 ',2025-09-22 02:10:55.000228864,41.9,27.834,35.201
b'1902453 ',2025-09-22 02:10:55.000228864,44.0,27.288,35.204
b'1902453 ',2025-09-22 02:10:55.000228864,46.0,26.99,35.209
b'1902453 ',2025-09-22 02:10:55.000228864,48.1,26.81,35.216
b'1902453 ',2025-09-22 02:10:55.000228864,50.0,26.575,35.228
b'1902453 ',2025-09-22 02:10:55.000228864,52.0,26.289,35.231
b'1902453 ',2025-09-22 02:10:55.000228864,53.8,25.582,35.231
b'1902453 ',2025-09-22 02:10:55.000228864,56.0,25.099,35.229
b'1902453 ',2025-09-22 02:10:55.000228864,58.0,24.809,35.214
b'1902453 ',2025-09-22 02:10:55.000228864,60.1,24.318,35.198
b'1902453 ',2025-09-22 02:10:55.000228864,61.9,24.088,35.197
b'1902453 ',2025-09-22 02:10:55.000228864,61.95,24.084118,35.19688
b'1902453 ',2025-09-22 02:10:55.000228864,64.0,23.925,35.192
b'1902453 ',2025-09-22 02:10:55.000228864,65.9,23.649,35.187
b'1902453 ',2025-09-22 02:10:55.000228864,68.0,23.235,35.183
b'1902453 ',2025-09-22 02:10:55.000228864,70.0,22.768,35.203
b'1902453 ',2025-09-22 02:10:55.000228864,72.0,22.625,35.209
b'1902453 ',2025-09-22 02:10:55.000228864,74.0,22.512,35.201
b'1902453 ',2025-09-22 02:10:55.000228864,76.0,22.494,35.204
b'1902453 ',2025-09-22 02:10:55.000228864,78.1,22.496,35.204
b'1902453 ',2025-09-22 02:10:55.000228864,80.0,22.496,35.205
b'1902453 ',2025-09-22 02:10:55.000228864,82.0,22.434,35.214
b'1902453 ',2025-09-22 02:10:55.000228864,84.0,22.223,35.211
b'1902453 ',2025-09-22 02:10:55.000228864,86.0,21.828,35.172
b'1902453 ',2025-09-22 02:10:55.000228864,88.0,21.647,35.147
b'1902453 ',2025-09-22 02:10:55.000228864,89.9,21.368,35.135
b'1902453 ',2025-09-22 02:10:55.000228864,92.0,20.867,35.137
b'1902453 ',2025-09-22 02:10:55.000228864,93.9,20.567,35.135
b'1902453 ',2025-09-22 02:10:55.000228864,96.0,20.419,35.134
b'1902453 ',2025-09-22 02:10:55.000228864,98.0,20.253,35.135
b'1902453 ',2025-09-22 02:10:55.000228864,100.0,20.167,35.136
b'1902453 ',2025-09-22 02:10:55.000228864,102.0,20.105,35.137
b'1902453 ',2025-09-22 02:10:55.000228864,104.0,20.082,35.137
b'1902453 ',2025-09-22 02:10:55.000228864,106.0,20.067,35.138
b'1902453 ',2025-09-22 02:10:55.000228864,108.0,20.056,35.138
b'1902453 ',2025-09-22 02:10:55.000228864,110.0,20.026,35.137
b'1902453 ',2025-09-22 02:10:55.000228864,112.0,19.993,35.135
b'1902453 ',2025-09-22 02:10:55.000228864,114.0,19.831,35.134
b'1902453 ',2025-09-22 02:10:55.000228864,114.49,19.77073,35.133755
b'1902453 ',2025-09-22 02:10:55.000228864,116.0,19.585,35.133
b'1902453 ',2025-09-22 02:10:55.000228864,116.49,19.520075,35.13153
b'1902453 ',2025-09-22 02:10:55.000228864,118.0,19.32,35.127
b'1902453 ',2025-09-22 02:10:55.000228864,118.42,19.23621,35.12196
b'1902453 ',2025-09-22 02:10:55.000228864,120.0,18.921,35.103
b'1902453 ',2025-09-22 02:10:55.000228864,120.23,18.87615,35.099552
b'1902453 ',2025-09-22 02:10:55.000228864,122.0,18.531,35.073
b'1902453 ',2025-09-22 02:10:55.000228864,124.0,17.995,35.042
b'1902453 ',2025-09-22 02:10:55.000228864,126.0,17.45,35.031
b'1902453 ',2025-09-22 02:10:55.000228864,128.0,17.124,35.037
b'1902453 ',2025-09-22 02:10:55.000228864,128.39,17.035122,35.03823
b'1902453 ',2025-09-22 02:10:55.000228864,129.9,16.691,35.043
b'1902453 ',2025-09-22 02:10:55.000228864,132.0,16.414,35.055
b'1902453 ',2025-09-22 02:10:55.000228864,134.0,16.226,35.057
b'1902453 ',2025-09-22 02:10:55.000228864,136.0,16.18,35.064
b'1902453 ',2025-09-22 02:10:55.000228864,138.0,16.102,35.068
b'1902453 ',2025-09-22 02:10:55.000228864,140.0,16.049,35.067
b'1902453 ',2025-09-22 02:10:55.000228864,142.0,16.024,35.069
b'1902453 ',2025-09-22 02:10:55.000228864,144.0,15.956,35.07
b'1902453 ',2025-09-22 02:10:55.000228864,146.0,15.819,35.07
b'1902453 ',2025-09-22 02:10:55.000228864,148.0,15.705,35.068
b'1902453 ',2025-09-22 02:10:55.000228864,150.0,15.644,35.067
b'1902453 ',2025-09-22 02:10:55.000228864,152.0,15.586,35.065
b'1902453 ',2025-09-22 02:10:55.000228864,154.0,15.41,35.061
b'1902453 ',2025-09-22 02:10:55.000228864,156.0,15.307,35.056
b'1902453 ',2025-09-22 02:10:55.000228864,158.0,15.239,35.052
b'1902453 ',2025-09-22 02:10:55.000228864,160.0,15.13,35.053
b'1902453 ',2025-09-22 02:10:55.000228864,162.0,14.934,35.054
b'1902453 ',2025-09-22 02:10:55.000228864,164.0,14.848,35.046
b'1902453 ',2025-09-22 02:10:55.000228864,166.0,14.826,35.042
b'1902453 ',2025-09-22 02:10:55.000228864,168.0,14.798,35.037
b'1902453 ',2025-09-22 02:10:55.000228864,170.0,14.659,35.026
b'1902453 ',2025-09-22 02:10:55.000228864,172.0,14.369,35.02
b'1902453 ',2025-09-22 02:10:55.000228864,174.0,14.265,35.021
b'1902453 ',2025-09-22 02:10:55.000228864,176.0,14.198,35.022
b'1902453 ',2025-09-22 02:10:55.000228864,178.0,14.171,35.024
b'1902453 ',2025-09-22 02:10:55.000228864,180.0,14.125,35.037
b'1902453 ',2025-09-22 02:10:55.000228864,182.0,14.077,35.049
b'1902453 ',2025-09-22 02:10:55.000228864,184.0,14.028,35.062
b'1902453 ',2025-09-22 02:10:55.000228864,186.0,13.904,35.064
b'1902453 ',2025-09-22 02:10:55.000228864,188.0,13.801,35.061
b'1902453 ',2025-09-22 02:10:55.000228864,190.0,13.784,35.061
b'1902453 ',2025-09-22 02:10:55.000228864,192.0,13.769,35.062
b'1902453 ',2025-09-22 02:10:55.000228864,194.0,13.735,35.06
b'1902453 ',2025-09-22 02:10:55.000228864,196.0,13.637,35.057
b'1902453 ',2025-09-22 02:10:55.000228864,198.1,13.61,35.057
b'1902453 ',2025-09-22 02:10:55.000228864,200.1,13.588,35.057
b'1902453 ',2025-09-22 02:10:55.000228864,202.0,13.572,35.063
b'1902453 ',2025-09-22 02:10:55.000228864,203.9,13.512,35.065
b'1902453 ',2025-09-22 02:10:55.000228864,206.0,13.485,35.063
b'1902453 ',2025-09-22 02:10:55.000228864,208.0,13.406,35.06
b'1902453 ',2025-09-22 02:10:55.000228864,210.0,13.311,35.055
b'1902453 ',2025-09-22 02:10:55.000228864,212.0,13.277,35.052
b'1902453 ',2025-09-22 02:10:55.000228864,214.0,13.263,35.05
b'1902453 ',2025-09-22 02:10:55.000228864,216.0,13.186,35.047
b'1902453 ',2025-09-22 02:10:55.000228864,218.0,13.125,35.043
b'1902453 ',2025-09-22 02:10:55.000228864,220.0,12.96,35.042
b'1902453 ',2025-09-22 02:10:55.000228864,222.0,12.882,35.04
b'1902453 ',2025-09-22 02:10:55.000228864,224.0,12.87,35.039
b'1902453 ',2025-09-22 02:10:55.000228864,226.0,12.853,35.039
b'1902453 ',2025-09-22 02:10:55.000228864,228.0,12.787,35.035
b'1902453 ',2025-09-22 02:10:55.000228864,230.0,12.763,35.034
b'1902453 ',2025-09-22 02:10:55.000228864,232.0,12.744,35.032
b'1902453 ',2025-09-22 02:10:55.000228864,234.0,12.716,35.029
b'1902453 ',2025-09-22 02:10:55.000228864,236.0,12.667,35.028
b'1902453 ',2025-09-22 02:10:55.000228864,238.0,12.569,35.023
b'1902453 ',2025-09-22 02:10:55.000228864,240.0,12.467,35.017
b'1902453 ',2025-09-22 02:10:55.000228864,242.0,12.384,35.013
b'1902453 ',2025-09-22 02:10:55.000228864,244.0,12.341,35.01
b'1902453 ',2025-09-22 02:10:55.000228864,246.0,12.308,35.008
b'1902453 ',2025-09-22 02:10:55.000228864,248.0,12.279,35.007
b'1902453 ',2025-09-22 02:10:55.000228864,250.0,12.218,35.005
b'1902453 ',2025-09-22 02:10:55.000228864,252.0,12.161,35.001
b'1902453 ',2025-09-22 02:10:55.000228864,254.0,12.061,34.995
b'1902453 ',2025-09-22 02:10:55.000228864,256.0,11.951,34.987
b'1902453 ',2025-09-22 02:10:55.000228864,258.0,11.914,34.984
b'1902453 ',2025-09-22 02:10:55.000228864,260.0,11.897,34.983
b'1902453 ',2025-09-22 02:10:55.000228864,262.0,11.879,34.981
b'1902453 ',2025-09-22 02:10:55.000228864,264.0,11.872,34.981
b'1902453 ',2025-09-22 02:10:55.000228864,266.0,11.859,34.98
b'1902453 ',2025-09-22 02:10:55.000228864,268.0,11.844,34.978
b'1902453 ',2025-09-22 02:10:55.000228864,270.0,11.825,34.978
b'1902453 ',2025-09-22 02:10:55.000228864,272.0,11.813,34.977
b'1902453 ',2025-09-22 02:10:55.000228864,274.0,11.793,34.976
b'1902453 ',2025-09-22 02:10:55.000228864,276.0,11.777,34.975
b'1902453 ',2025-09-22 02:10:55.000228864,278.0,11.748,34.972
b'1902453 ',2025-09-22 02:10:55.000228864,280.0,11.691,34.969
b'1902453 ',2025-09-22 02:10:55.000228864,282.0,11.66,34.968
b'1902453 ',2025-09-22 02:10:55.000228864,284.0,11.641,34.969
b'1902453 ',2025-09-22 02:10:55.000228864,286.0,11.615,34.97
b'1902453 ',2025-09-22 02:10:55.000228864,288.0,11.57,34.967
b'1902453 ',2025-09-22 02:10:55.000228864,290.0,11.53,34.965
b'1902453 ',2025-09-22 02:10:55.000228864,292.0,11.496,34.962
b'1902453 ',2025-09-22 02:10:55.000228864,294.0,11.436,34.959
b'1902453 ',2025-09-22 02:10:55.000228864,296.0,11.395,34.957
b'1902453 ',2025-09-22 02:10:55.000228864,298.0,11.36,34.956
b'1902453 ',2025-09-22 02:10:55.000228864,300.0,11.302,34.953
b'1902453 ',2025-09-22 02:10:55.000228864,302.0,11.251,34.953
b'1902453 ',2025-09-22 02:10:55.000228864,304.0,11.211,34.951
b'1902453 ',2025-09-22 02:10:55.000228864,306.0,11.184,34.948
b'1902453 ',2025-09-22 02:10:55.000228864,308.0,11.138,34.945
b'1902453 ',2025-09-22 02:10:55.000228864,310.0,11.114,34.943
b'1902453 ',2025-09-22 02:10:55.000228864,312.0,11.094,34.942
b'1902453 ',2025-09-22 02:10:55.000228864,314.0,11.081,34.942
b'1902453 ',2025-09-22 02:10:55.000228864,316.0,11.074,34.942
b'1902453 ',2025-09-22 02:10:55.000228864,318.0,11.069,34.942
b'1902453 ',2025-09-22 02:10:55.000228864,320.0,11.06,34.942
b'1902453 ',2025-09-22 02:10:55.000228864,322.0,11.053,34.942
b'1902453 ',2025-09-22 02:10:55.000228864,324.0,11.041,34.942
b'1902453 ',2025-09-22 02:10:55.000228864,326.0,11.018,34.94
b'1902453 ',2025-09-22 02:10:55.000228864,328.0,11.006,34.939
b'1902453 ',2025-09-22 02:10:55.000228864,330.0,10.975,34.937
b'1902453 ',2025-09-22 02:10:55.000228864,332.0,10.905,34.932
b'1902453 ',2025-09-22 02:10:55.000228864,334.0,10.829,34.929
b'1902453 ',2025-09-22 02:10:55.000228864,336.0,10.78,34.925
b'1902453 ',2025-09-22 02:10:55.000228864,338.0,10.71,34.922
b'1902453 ',2025-09-22 02:10:55.000228864,340.0,10.655,34.918
b'1902453 ',2025-09-22 02:10:55.000228864,342.0,10.638,34.916
b'1902453 ',2025-09-22 02:10:55.000228864,344.0,10.607,34.915
b'1902453 ',2025-09-22 02:10:55.000228864,346.0,10.576,34.915
b'1902453 ',2025-09-22 02:10:55.000228864,348.0,10.547,34.914
b'1902453 ',2025-09-22 02:10:55.000228864,350.0,10.507,34.913
b'1902453 ',2025-09-22 02:10:55.000228864,352.0,10.489,34.912
b'1902453 ',2025-09-22 02:10:55.000228864,354.0,10.465,34.909
b'1902453 ',2025-09-22 02:10:55.000228864,356.0,10.423,34.904
b'1902453 ',2025-09-22 02:10:55.000228864,358.0,10.382,34.899
b'1902453 ',2025-09-22 02:10:55.000228864,360.0,10.363,34.898
b'1902453 ',2025-09-22 02:10:55.000228864,362.0,10.353,34.898
b'1902453 ',2025-09-22 02:10:55.000228864,364.0,10.348,34.897
b'1902453 ',2025-09-22 02:10:55.000228864,366.0,10.341,34.896
b'1902453 ',2025-09-22 02:10:55.000228864,368.0,10.315,34.894
b'1902453 ',2025-09-22 02:10:55.000228864,370.0,10.269,34.891
b'1902453 ',2025-09-22 02:10:55.000228864,372.0,10.247,34.89
b'1902453 ',2025-09-22 02:10:55.000228864,374.0,10.229,34.889
b'1902453 ',2025-09-22 02:10:55.000228864,376.0,10.207,34.888
b'1902453 ',2025-09-22 02:10:55.000228864,378.0,10.183,34.887
b'1902453 ',2025-09-22 02:10:55.000228864,380.0,10.156,34.885
b'1902453 ',2025-09-22 02:10:55.000228864,382.0,10.145,34.884
b'1902453 ',2025-09-22 02:10:55.000228864,384.0,10.133,34.883
b'1902453 ',2025-09-22 02:10:55.000228864,386.0,10.107,34.882
b'1902453 ',2025-09-22 02:10:55.000228864,388.0,10.074,34.881
b'1902453 ',2025-09-22 02:10:55.000228864,390.0,10.05,34.881
b'1902453 ',2025-09-22 02:10:55.000228864,392.0,10.038,34.882
b'1902453 ',2025-09-22 02:10:55.000228864,394.0,10.017,34.882
b'1902453 ',2025-09-22 02:10:55.000228864,396.0,9.986,34.88
b'1902453 ',2025-09-22 02:10:55.000228864,398.0,9.964,34.879
b'1902453 ',2025-09-22 02:10:55.000228864,400.0,9.94,34.879
b'1902453 ',2025-09-22 02:10:55.000228864,402.0,9.929,34.881
b'1902453 ',2025-09-22 02:10:55.000228864,404.0,9.925,34.883
b'1902453 ',2025-09-22 02:10:55.000228864,406.0,9.922,34.885
b'1902453 ',2025-09-22 02:10:55.000228864,408.0,9.917,34.887
b'1902453 ',2025-09-22 02:10:55.000228864,410.0,9.916,34.888
b'1902453 ',2025-09-22 02:10:55.000228864,412.0,9.914,34.89
b'1902453 ',2025-09-22 02:10:55.000228864,414.0,9.914,34.892
b'1902453 ',2025-09-22 02:10:55.000228864,416.0,9.915,34.893
b'1902453 ',2025-09-22 02:10:55.000228864,418.0,9.912,34.893
b'1902453 ',2025-09-22 02:10:55.000228864,420.0,9.887,34.895
b'1902453 ',2025-09-22 02:10:55.000228864,422.0,9.859,34.895
b'1902453 ',2025-09-22 02:10:55.000228864,424.0,9.852,34.895
b'1902453 ',2025-09-22 02:10:55.000228864,426.0,9.844,34.896
b'1902453 ',2025-09-22 02:10:55.000228864,428.0,9.823,34.897
b'1902453 ',2025-09-22 02:10:55.000228864,430.0,9.81,34.898
b'1902453 ',2025-09-22 02:10:55.000228864,432.0,9.793,34.899
b'1902453 ',2025-09-22 02:10:55.000228864,434.0,9.783,34.9
b'1902453 ',2025-09-22 02:10:55.000228864,436.0,9.77,34.9
b'1902453 ',2025-09-22 02:10:55.000228864,438.0,9.739,34.9
b'1902453 ',2025-09-22 02:10:55.000228864,440.0,9.728,34.901
b'1902453 ',2025-09-22 02:10:55.000228864,442.0,9.707,34.901
b'1902453 ',2025-09-22 02:10:55.000228864,444.0,9.699,34.9
b'1902453 ',2025-09-22 02:10:55.000228864,446.0,9.694,34.9
b'1902453 ',2025-09-22 02:10:55.000228864,448.0,9.693,34.9
b'1902453 ',2025-09-22 02:10:55.000228864,450.0,9.693,34.9
b'1902453 ',2025-09-22 02:10:55.000228864,452.0,9.694,34.901
b'1902453 ',2025-09-22 02:10:55.000228864,454.0,9.693,34.901
b'1902453 ',2025-09-22 02:10:55.000228864,456.0,9.689,34.902
b'1902453 ',2025-09-22 02:10:55.000228864,458.0,9.674,34.905
b'1902453 ',2025-09-22 02:10:55.000228864,460.0,9.664,34.905
b'1902453 ',2025-09-22 02:10:55.000228864,462.0,9.657,34.906
b'1902453 ',2025-09-22 02:10:55.000228864,464.0,9.638,34.904
b'1902453 ',2025-09-22 02:10:55.000228864,466.0,9.607,34.905
b'1902453 ',2025-09-22 02:10:55.000228864,468.0,9.574,34.901
b'1902453 ',2025-09-22 02:10:55.000228864,470.0,9.562,34.9
b'1902453 ',2025-09-22 02:10:55.000228864,472.0,9.552,34.899
b'1902453 ',2025-09-22 02:10:55.000228864,474.0,9.551,34.899
b'1902453 ',2025-09-22 02:10:55.000228864,476.0,9.545,34.899
b'1902453 ',2025-09-22 02:10:55.000228864,478.0,9.535,34.899
b'1902453 ',2025-09-22 02:10:55.000228864,480.0,9.53,34.898
b'1902453 ',2025-09-22 02:10:55.000228864,482.0,9.524,34.898
b'1902453 ',2025-09-22 02:10:55.000228864,484.0,9.523,34.899
b'1902453 ',2025-09-22 02:10:55.000228864,486.0,9.523,34.9
b'1902453 ',2025-09-22 02:10:55.000228864,488.0,9.517,34.899
b'1902453 ',2025-09-22 02:10:55.000228864,490.0,9.513,34.898
b'1902453 ',2025-09-22 02:10:55.000228864,492.0,9.511,34.897
b'1902453 ',2025-09-22 02:10:55.000228864,494.0,9.473,34.895
b'1902453 ',2025-09-22 02:10:55.000228864,496.0,9.427,34.892
b'1902453 ',2025-09-22 02:10:55.000228864,498.0,9.412,34.89
b'1902453 ',2025-09-22 02:10:55.000228864,500.0,9.397,34.888
b'1902453 ',2025-09-22 02:10:55.000228864,502.0,9.383,34.886
b'1902453 ',2025-09-22 02:10:55.000228864,504.0,9.363,34.884
b'1902453 ',2025-09-22 02:10:55.000228864,506.0,9.344,34.883
b'1902453 ',2025-09-22 02:10:55.000228864,508.0,9.319,34.879
b'1902453 ',2025-09-22 02:10:55.000228864,510.0,9.265,34.872
b'1902453 ',2025-09-22 02:10:55.000228864,512.0,9.218,34.866
b'1902453 ',2025-09-22 02:10:55.000228864,514.0,9.173,34.86
b'1902453 ',2025-09-22 02:10:55.000228864,516.0,9.108,34.853
b'1902453 ',2025-09-22 02:10:55.000228864,518.0,9.029,34.845
b'1902453 ',2025-09-22 02:10:55.000228864,520.0,8.985,34.841
b'1902453 ',2025-09-22 02:10:55.000228864,522.0,8.985,34.841
b'1902453 ',2025-09-22 02:10:55.000228864,524.0,8.996,34.844
b'1902453 ',2025-09-22 02:10:55.000228864,526.0,8.973,34.845
b'1902453 ',2025-09-22 02:10:55.000228864,528.0,8.905,34.84
b'1902453 ',2025-09-22 02:10:55.000228864,530.0,8.835,34.833
b'1902453 ',2025-09-22 02:10:55.000228864,532.0,8.8,34.83
b'1902453 ',2025-09-22 02:10:55.000228864,534.0,8.798,34.829
b'1902453 ',2025-09-22 02:10:55.000228864,536.0,8.796,34.829
b'1902453 ',2025-09-22 02:10:55.000228864,538.0,8.798,34.831
b'1902453 ',2025-09-22 02:10:55.000228864,540.0,8.799,34.833
b'1902453 ',2025-09-22 02:10:55.000228864,542.0,8.799,34.833
b'1902453 ',2025-09-22 02:10:55.000228864,544.0,8.816,34.844
b'1902453 ',2025-09-22 02:10:55.000228864,546.0,8.832,34.851
b'1902453 ',2025-09-22 02:10:55.000228864,548.0,8.834,34.853
b'1902453 ',2025-09-22 02:10:55.000228864,550.0,8.843,34.858
b'1902453 ',2025-09-22 02:10:55.000228864,552.0,8.847,34.864
b'1902453 ',2025-09-22 02:10:55.000228864,554.0,8.848,34.867
b'1902453 ',2025-09-22 02:10:55.000228864,556.0,8.853,34.871
b'1902453 ',2025-09-22 02:10:55.000228864,558.0,8.861,34.876
b'1902453 ',2025-09-22 02:10:55.000228864,560.0,8.849,34.875
b'1902453 ',2025-09-22 02:10:55.000228864,562.0,8.789,34.87
b'1902453 ',2025-09-22 02:10:55.000228864,564.0,8.8,34.879
b'1902453 ',2025-09-22 02:10:55.000228864,566.0,8.804,34.886
b'1902453 ',2025-09-22 02:10:55.000228864,568.0,8.804,34.886
b'1902453 ',2025-09-22 02:10:55.000228864,570.0,8.797,34.887
b'1902453 ',2025-09-22 02:10:55.000228864,572.0,8.78,34.886
b'1902453 ',2025-09-22 02:10:55.000228864,574.0,8.775,34.887
b'1902453 ',2025-09-22 02:10:55.000228864,576.0,8.765,34.887
b'1902453 ',2025-09-22 02:10:55.000228864,578.0,8.757,34.886
b'1902453 ',2025-09-22 02:10:55.000228864,580.0,8.751,34.885
b'1902453 ',2025-09-22 02:10:55.000228864,582.0,8.74,34.884
b'1902453 ',2025-09-22 02:10:55.000228864,584.0,8.725,34.881
b'1902453 ',2025-09-22 02:10:55.000228864,586.0,8.706,34.877
b'1902453 ',2025-09-22 02:10:55.000228864,588.0,8.662,34.872
b'1902453 ',2025-09-22 02:10:55.000228864,590.0,8.622,34.867
b'1902453 ',2025-09-22 02:10:55.000228864,592.0,8.605,34.866
b'1902453 ',2025-09-22 02:10:55.000228864,594.0,8.574,34.862
b'1902453 ',2025-09-22 02:10:55.000228864,596.0,8.519,34.857
b'1902453 ',2025-09-22 02:10:55.000228864,598.0,8.472,34.852
b'1902453 ',2025-09-22 02:10:55.000228864,600.0,8.45,34.85
b'1902453 ',2025-09-22 02:10:55.000228864,602.0,8.436,34.849
b'1902453 ',2025-09-22 02:10:55.000228864,604.0,8.425,34.847
b'1902453 ',2025-09-22 02:10:55.000228864,606.0,8.416,34.846
b'1902453 ',2025-09-22 02:10:55.000228864,608.0,8.394,34.844
b'1902453 ',2025-09-22 02:10:55.000228864,610.0,8.295,34.835
b'1902453 ',2025-09-22 02:10:55.000228864,612.0,8.276,34.832
b'1902453 ',2025-09-22 02:10:55.000228864,614.0,8.259,34.83
b'1902453 ',2025-09-22 02:10:55.000228864,616.0,8.236,34.827
b'1902453 ',2025-09-22 02:10:55.000228864,618.0,8.191,34.824
b'1902453 ',2025-09-22 02:10:55.000228864,620.0,8.169,34.824
b'1902453 ',2025-09-22 02:10:55.000228864,622.0,8.163,34.825
b'1902453 ',2025-09-22 02:10:55.000228864,624.0,8.163,34.827
b'1902453 ',2025-09-22 02:10:55.000228864,626.0,8.161,34.829
b'1902453 ',2025-09-22 02:10:55.000228864,628.0,8.175,34.834
b'1902453 ',2025-09-22 02:10:55.000228864,630.0,8.181,34.836
b'1902453 ',2025-09-22 02:10:55.000228864,632.0,8.179,34.836
b'1902453 ',2025-09-22 02:10:55.000228864,634.0,8.147,34.836
b'1902453 ',2025-09-22 02:10:55.000228864,636.0,8.127,34.834
b'1902453 ',2025-09-22 02:10:55.000228864,638.0,8.098,34.831
b'1902453 ',2025-09-22 02:10:55.000228864,640.1,8.066,34.829
b'1902453 ',2025-09-22 02:10:55.000228864,642.0,8.062,34.828
b'1902453 ',2025-09-22 02:10:55.000228864,643.9,8.059,34.827
b'1902453 ',2025-09-22 02:10:55.000228864,646.0,8.048,34.826
b'1902453 ',2025-09-22 02:10:55.000228864,648.0,8.014,34.825
b'1902453 ',2025-09-22 02:10:55.000228864,650.0,8.014,34.826
b'1902453 ',2025-09-22 02:10:55.000228864,652.0,8.011,34.827
b'1902453 ',2025-09-22 02:10:55.000228864,654.0,7.992,34.83
b'1902453 ',2025-09-22 02:10:55.000228864,656.1,7.983,34.83
b'1902453 ',2025-09-22 02:10:55.000228864,658.0,7.993,34.835
b'1902453 ',2025-09-22 02:10:55.000228864,660.0,8.01,34.841
b'1902453 ',2025-09-22 02:10:55.000228864,662.0,8.094,34.868
b'1902453 ',2025-09-22 02:10:55.000228864,664.0,8.128,34.878
b'1902453 ',2025-09-22 02:10:55.000228864,666.0,8.233,34.904
b'1902453 ',2025-09-22 02:10:55.000228864,668.0,8.256,34.911
b'1902453 ',2025-09-22 02:10:55.000228864,670.0,8.285,34.918
b'1902453 ',2025-09-22 02:10:55.000228864,672.0,8.299,34.925
b'1902453 ',2025-09-22 02:10:55.000228864,674.0,8.297,34.924
b'1902453 ',2025-09-22 02:10:55.000228864,676.0,8.285,34.924
b'1902453 ',2025-09-22 02:10:55.000228864,678.0,8.289,34.928
b'1902453 ',2025-09-22 02:10:55.000228864,680.0,8.292,34.93
b'1902453 ',2025-09-22 02:10:55.000228864,682.0,8.266,34.927
b'1902453 ',2025-09-22 02:10:55.000228864,684.0,8.217,34.92
b'1902453 ',2025-09-22 02:10:55.000228864,686.0,8.188,34.918
b'1902453 ',2025-09-22 02:10:55.000228864,687.9,8.18,34.917
b'1902453 ',2025-09-22 02:10:55.000228864,690.0,8.15,34.915
b'1902453 ',2025-09-22 02:10:55.000228864,692.0,8.12,34.913
b'1902453 ',2025-09-22 02:10:55.000228864,694.0,8.117,34.913
b'1902453 ',2025-09-22 02:10:55.000228864,696.0,8.117,34.918
b'1902453 ',2025-09-22 02:10:55.000228864,698.0,8.116,34.919
b'1902453 ',2025-09-22 02:10:55.000228864,700.0,8.099,34.918
b'1902453 ',2025-09-22 02:10:55.000228864,702.0,8.062,34.915
b'1902453 ',2025-09-22 02:10:55.000228864,704.0,8.057,34.915
b'1902453 ',2025-09-22 02:10:55.000228864,706.0,8.056,34.915
b'1902453 ',2025-09-22 02:10:55.000228864,708.0,8.095,34.928
b'1902453 ',2025-09-22 02:10:55.000228864,710.0,8.14,34.942
b'1902453 ',2025-09-22 02:10:55.000228864,712.0,8.142,34.942
b'1902453 ',2025-09-22 02:10:55.000228864,714.0,8.134,34.943
b'1902453 ',2025-09-22 02:10:55.000228864,716.0,8.112,34.944
b'1902453 ',2025-09-22 02:10:55.000228864,718.0,8.12,34.949
b'1902453 ',2025-09-22 02:10:55.000228864,720.0,8.098,34.947
b'1902453 ',2025-09-22 02:10:55.000228864,722.0,8.055,34.94
b'1902453 ',2025-09-22 02:10:55.000228864,724.0,8.015,34.935
b'1902453 ',2025-09-22 02:10:55.000228864,726.0,7.992,34.932
b'1902453 ',2025-09-22 02:10:55.000228864,728.0,8.005,34.939
b'1902453 ',2025-09-22 02:10:55.000228864,730.0,8.021,34.95
b'1902453 ',2025-09-22 02:10:55.000228864,732.0,8.018,34.953
b'1902453 ',2025-09-22 02:10:55.000228864,734.0,8.021,34.956
b'1902453 ',2025-09-22 02:10:55.000228864,736.0,8.024,34.957
b'1902453 ',2025-09-22 02:10:55.000228864,738.0,8.029,34.958
b'1902453 ',2025-09-22 02:10:55.000228864,740.0,8.031,34.96
b'1902453 ',2025-09-22 02:10:55.000228864,742.0,8.018,34.959
b'1902453 ',2025-09-22 02:10:55.000228864,744.0,8.014,34.959
b'1902453 ',2025-09-22 02:10:55.000228864,746.0,8.009,34.96
b'1902453 ',2025-09-22 02:10:55.000228864,748.0,7.996,34.96
b'1902453 ',2025-09-22 02:10:55.000228864,750.0,7.978,34.959
b'1902453 ',2025-09-22 02:10:55.000228864,752.0,7.966,34.958
b'1902453 ',2025-09-22 02:10:55.000228864,754.0,7.957,34.958
b'1902453 ',2025-09-22 02:10:55.000228864,756.0,7.957,34.959
b'1902453 ',2025-09-22 02:10:55.000228864,758.0,7.947,34.958
b'1902453 ',2025-09-22 02:10:55.000228864,760.0,7.916,34.961
b'1902453 ',2025-09-22 02:10:55.000228864,762.0,7.91,34.962
b'1902453 ',2025-09-22 02:10:55.000228864,764.0,7.906,34.962
b'1902453 ',2025-09-22 02:10:55.000228864,766.0,7.902,34.961
b'1902453 ',2025-09-22 02:10:55.000228864,768.0,7.897,34.961
b'1902453 ',2025-09-22 02:10:55.000228864,770.0,7.891,34.961
b'1902453 ',2025-09-22 02:10:55.000228864,772.0,7.883,34.96
b'1902453 ',2025-09-22 02:10:55.000228864,774.0,7.869,34.958
b'1902453 ',2025-09-22 02:10:55.000228864,776.0,7.838,34.956
b'1902453 ',2025-09-22 02:10:55.000228864,778.0,7.824,34.954
b'1902453 ',2025-09-22 02:10:55.000228864,780.0,7.809,34.952
b'1902453 ',2025-09-22 02:10:55.000228864,782.0,7.769,34.948
b'1902453 ',2025-09-22 02:10:55.000228864,784.0,7.731,34.945
b'1902453 ',2025-09-22 02:10:55.000228864,786.0,7.694,34.942
b'1902453 ',2025-09-22 02:10:55.000228864,788.0,7.682,34.941
b'1902453 ',2025-09-22 02:10:55.000228864,790.0,7.679,34.94
b'1902453 ',2025-09-22 02:10:55.000228864,792.0,7.666,34.94
b'1902453 ',2025-09-22 02:10:55.000228864,794.0,7.661,34.94
b'1902453 ',2025-09-22 02:10:55.000228864,796.0,7.66,34.94
b'1902453 ',2025-09-22 02:10:55.000228864,798.0,7.66,34.94
b'1902453 ',2025-09-22 02:10:55.000228864,800.0,7.66,34.94
b'1902453 ',2025-09-22 02:10:55.000228864,802.0,7.66,34.94
b'1902453 ',2025-09-22 02:10:55.000228864,804.0,7.659,34.939
b'1902453 ',2025-09-22 02:10:55.000228864,806.0,7.656,34.939
b'1902453 ',2025-09-22 02:10:55.000228864,808.0,7.652,34.939
b'1902453 ',2025-09-22 02:10:55.000228864,810.0,7.651,34.939
b'1902453 ',2025-09-22 02:10:55.000228864,812.0,7.647,34.938
b'1902453 ',2025-09-22 02:10:55.000228864,814.0,7.631,34.937
b'1902453 ',2025-09-22 02:10:55.000228864,816.0,7.617,34.936
b'1902453 ',2025-09-22 02:10:55.000228864,818.0,7.602,34.935
b'1902453 ',2025-09-22 02:10:55.000228864,820.0,7.583,34.934
b'1902453 ',2025-09-22 02:10:55.000228864,822.0,7.569,34.933
b'1902453 ',2025-09-22 02:10:55.000228864,824.0,7.56,34.933
b'1902453 ',2025-09-22 02:10:55.000228864,826.0,7.543,34.932
b'1902453 ',2025-09-22 02:10:55.000228864,828.0,7.534,34.932
b'1902453 ',2025-09-22 02:10:55.000228864,830.0,7.522,34.933
b'1902453 ',2025-09-22 02:10:55.000228864,832.0,7.51,34.932
b'1902453 ',2025-09-22 02:10:55.000228864,834.0,7.499,34.932
b'1902453 ',2025-09-22 02:10:55.000228864,836.0,7.493,34.932
b'1902453 ',2025-09-22 02:10:55.000228864,838.0,7.485,34.932
b'1902453 ',2025-09-22 02:10:55.000228864,840.0,7.472,34.932
b'1902453 ',2025-09-22 02:10:55.000228864,842.0,7.449,34.932
b'1902453 ',2025-09-22 02:10:55.000228864,844.0,7.436,34.931
b'1902453 ',2025-09-22 02:10:55.000228864,846.0,7.429,34.93
b'1902453 ',2025-09-22 02:10:55.000228864,848.0,7.42,34.93
b'1902453 ',2025-09-22 02:10:55.000228864,850.0,7.414,34.929
b'1902453 ',2025-09-22 02:10:55.000228864,852.0,7.41,34.929
b'1902453 ',2025-09-22 02:10:55.000228864,854.0,7.406,34.929
b'1902453 ',2025-09-22 02:10:55.000228864,856.0,7.4,34.929
b'1902453 ',2025-09-22 02:10:55.000228864,858.0,7.395,34.929
b'1902453 ',2025-09-22 02:10:55.000228864,860.0,7.392,34.928
b'1902453 ',2025-09-22 02:10:55.000228864,862.0,7.376,34.928
b'1902453 ',2025-09-22 02:10:55.000228864,864.0,7.361,34.927
b'1902453 ',2025-09-22 02:10:55.000228864,866.0,7.354,34.927
b'1902453 ',2025-09-22 02:10:55.000228864,868.0,7.349,34.927
b'1902453 ',2025-09-22 02:10:55.000228864,870.0,7.344,34.927
b'1902453 ',2025-09-22 02:10:55.000228864,872.0,7.34,34.926
b'1902453 ',2025-09-22 02:10:55.000228864,874.1,7.331,34.926
b'1902453 ',2025-09-22 02:10:55.000228864,876.0,7.306,34.924
b'1902453 ',2025-09-22 02:10:55.000228864,878.0,7.271,34.923
b'1902453 ',2025-09-22 02:10:55.000228864,880.0,7.26,34.922
b'1902453 ',2025-09-22 02:10:55.000228864,882.0,7.25,34.922
b'1902453 ',2025-09-22 02:10:55.000228864,884.0,7.246,34.922
b'1902453 ',2025-09-22 02:10:55.000228864,886.0,7.245,34.922
b'1902453 ',2025-09-22 02:10:55.000228864,888.0,7.244,34.922
b'1902453 ',2025-09-22 02:10:55.000228864,890.0,7.239,34.922
b'1902453 ',2025-09-22 02:10:55.000228864,892.0,7.236,34.921
b'1902453 ',2025-09-22 02:10:55.000228864,894.0,7.229,34.921
b'1902453 ',2025-09-22 02:10:55.000228864,896.0,7.219,34.92
b'1902453 ',2025-09-22 02:10:55.000228864,898.0,7.191,34.924
b'1902453 ',2025-09-22 02:10:55.000228864,900.0,7.183,34.926
b'1902453 ',2025-09-22 02:10:55.000228864,902.0,7.178,34.927
b'1902453 ',2025-09-22 02:10:55.000228864,904.0,7.173,34.927
b'1902453 ',2025-09-22 02:10:55.000228864,906.0,7.165,34.926
b'1902453 ',2025-09-22 02:10:55.000228864,908.0,7.158,34.926
b'1902453 ',2025-09-22 02:10:55.000228864,910.0,7.149,34.924
b'1902453 ',2025-09-22 02:10:55.000228864,912.0,7.127,34.921
b'1902453 ',2025-09-22 02:10:55.000228864,914.0,7.112,34.917
b'1902453 ',2025-09-22 02:10:55.000228864,916.0,7.075,34.912
b'1902453 ',2025-09-22 02:10:55.000228864,918.0,6.987,34.901
b'1902453 ',2025-09-22 02:10:55.000228864,920.0,6.97,34.898
b'1902453 ',2025-09-22 02:10:55.000228864,922.0,6.97,34.896
b'1902453 ',2025-09-22 02:10:55.000228864,924.0,6.904,34.887
b'1902453 ',2025-09-22 02:10:55.000228864,926.0,6.815,34.877
b'1902453 ',2025-09-22 02:10:55.000228864,928.0,6.825,34.882
b'1902453 ',2025-09-22 02:10:55.000228864,930.0,6.848,34.892
b'1902453 ',2025-09-22 02:10:55.000228864,932.0,6.849,34.892
b'1902453 ',2025-09-22 02:10:55.000228864,934.0,6.847,34.891
b'1902453 ',2025-09-22 02:10:55.000228864,936.0,6.841,34.89
b'1902453 ',2025-09-22 02:10:55.000228864,938.0,6.816,34.887
b'1902453 ',2025-09-22 02:10:55.000228864,940.0,6.773,34.883
b'1902453 ',2025-09-22 02:10:55.000228864,942.0,6.76,34.881
b'1902453 ',2025-09-22 02:10:55.000228864,944.0,6.75,34.879
b'1902453 ',2025-09-22 02:10:55.000228864,946.0,6.735,34.877
b'1902453 ',2025-09-22 02:10:55.000228864,948.0,6.726,34.876
b'1902453 ',2025-09-22 02:10:55.000228864,950.0,6.706,34.872
b'1902453 ',2025-09-22 02:10:55.000228864,952.0,6.67,34.868
b'1902453 ',2025-09-22 02:10:55.000228864,954.0,6.64,34.863
b'1902453 ',2025-09-22 02:10:55.000228864,956.0,6.592,34.857
b'1902453 ',2025-09-22 02:10:55.000228864,958.0,6.592,34.856
b'1902453 ',2025-09-22 02:10:55.000228864,960.0,6.588,34.854
b'1902453 ',2025-09-22 02:10:55.000228864,962.0,6.497,34.845
b'1902453 ',2025-09-22 02:10:55.000228864,964.0,6.496,34.844
b'1902453 ',2025-09-22 02:10:55.000228864,966.0,6.463,34.84
b'1902453 ',2025-09-22 02:10:55.000228864,968.0,6.418,34.835
b'1902453 ',2025-09-22 02:10:55.000228864,970.0,6.418,34.835
b'1902453 ',2025-09-22 02:10:55.000228864,972.0,6.418,34.835
b'1902453 ',2025-09-22 02:10:55.000228864,974.0,6.418,34.834
b'1902453 ',2025-09-22 02:10:55.000228864,976.0,6.418,34.834
b'1902453 ',2025-09-22 02:10:55.000228864,977.7,6.419,34.833
b'1902453 ',2025-09-22 02:10:55.000228864,998.9,6.2214,34.832
b'1902453 ',2025-09-22 02:10:55.000228864,1049.4,6.1266,34.846
b'1902453 ',2025-09-22 02:10:55.000228864,1099.7,5.9493,34.841
b'1902453 ',2025-09-22 02:10:55.000228864,1149.7,5.6712,34.836
b'1902453 ',2025-09-22 02:10:55.000228864,1199.7,5.607,34.854
b'1902453 ',2025-09-22 02:10:55.000228864,1249.5,5.4518,34.85
b'1902453 ',2025-09-22 02:10:55.000228864,1299.6,5.2501,34.836
b'1902453 ',2025-09-22 02:10:55.000228864,1349.6,5.1256,34.827
b'1902453 ',2025-09-22 02:10:55.000228864,1399.8,4.832,34.811
b'1902453 ',2025-09-22 02:10:55.000228864,1449.4,4.5969,34.798
b'1902453 ',2025-09-22 02:10:55.000228864,1500.1,4.3914,34.81
b'1902453 ',2025-09-22 02:10:55.000228864,1549.4,4.3109,34.816
b'1902453 ',2025-09-22 02:10:55.000228864,1599.4,4.0775,34.807
b'1902453 ',2025-09-22 02:10:55.000228864,1648.9,3.6813,34.772
b'1902453 ',2025-09-22 02:10:55.000228864,1699.5,3.5058,34.767
b'1902453 ',2025-09-22 02:10:55.000228864,1749.4,3.2347,34.77
b'1902453 ',2025-09-22 02:10:55.000228864,1798.6,3.0984,34.764
b'1902453 ',2025-09-22 02:10:55.000228864,1849.2,3.0533,34.766
b'1902453 ',2025-09-22 02:10:55.000228864,1898.1,2.9391,34.768
b'1902453 ',2025-09-22 02:10:55.000228864,1949.9,2.87,34.766
